Names,e,n
Anja,89,34319208000613
Katka,3,247272901536943
Leire,131,261579850362241
Cyneheard,29,22374685435747
Ravi,19,5016666017971
Marie,67,61411739510047
Ssanyu,41,48049052594761
Dora,97,86048015710751
Donco,181,146200249060891
Stefanija,53,131953190717461
Hebel,31,157228881521233
Marion,157,65471719970669
Florus,83,12582712567391
Domenic,83,27566072069813
Neha,53,129748859952821
Gil,79,8760963394499
Herais,31,33071170481887
Candi,83,65076606840989
Bermet,79,98470612648999
Ema,131,54241373360101
Jon,139,19471442408081
Hodei,53,150277456815001
Harut,47,22977243424609
Rosina,23,3670040110021
Sten,73,245505498061951
Lavina,23,41399200753171
Thaleia,151,143439841348019
Chrysanthos,89,75851885789093
Elnur,113,128387260473181
Azarel,113,19003822785719